{"libraries":[{"notice":null,"copyrightHolder":"The Android Open Source Project","copyrightStatement":"Copyright &copy; The Android Open Source Project. All rights reserved.","license":"apache2","licenseUrl":"","normalizedLicense":"apache2","year":null,"url":"","libraryName":"Android Support Libraries","artifactId":{"name":"support-media-compat","group":"com.android.support","version":"25.3.1"}},{"notice":null,"copyrightHolder":"Netflix, Inc.","copyrightStatement":"Copyright &copy; Netflix, Inc. All rights reserved.","license":"apache2","licenseUrl":"http://www.apache.org/licenses/LICENSE-2.0.txt","normalizedLicense":"apache2","year":null,"url":"https://github.com/ReactiveX/RxJava","libraryName":"RxJava","artifactId":{"name":"rxjava","group":"io.reactivex","version":"1.1.3"}},{"notice":null,"copyrightHolder":"Terence Parr and Sam Harwell","copyrightStatement":"Copyright &copy; Terence Parr and Sam Harwell. All rights reserved.","license":"bsd_3_clauses","licenseUrl":"","normalizedLicense":"bsd_3_clauses","year":null,"url":"","libraryName":"ANTLR4","artifactId":{"name":"antlr4-runtime","group":"com.tunnelvisionlabs","version":"4.5"}},{"notice":"Copyright (c) 2015 FUJI Goro (gfx)\nSQLite.g4 is: Copyright (c) 2014 by Bart Kiers\n","copyrightHolder":"","copyrightStatement":"Copyright (c) 2015 FUJI Goro (gfx)\nSQLite.g4 is: Copyright (c) 2014 by Bart Kiers\n","license":"apache_2","licenseUrl":"","normalizedLicense":"apache2","year":null,"url":"","libraryName":"Android Orma","artifactId":{"name":"orma","group":"com.github.gfx.android.orma","version":"2.4.5"}},{"notice":null,"copyrightHolder":"Google Inc.","copyrightStatement":"Copyright &copy; Google Inc. All rights reserved.","license":"bsd_2_clauses","licenseUrl":"","normalizedLicense":"bsd_2_clauses","year":null,"url":"https://github.com/bumptech/glide","libraryName":"Glide","artifactId":{"name":"glide","group":"com.github.bumptech.glide","version":"3.7.0"}},{"notice":null,"copyrightHolder":"Google Inc.","copyrightStatement":"Copyright &copy; Google Inc. All rights reserved.","license":"apache2","licenseUrl":"","normalizedLicense":"apache2","year":null,"url":"","libraryName":"Gson","artifactId":{"name":"gson","group":"com.google.code.gson","version":"2.7"}},{"notice":null,"copyrightHolder":"The RxAndroid authors","copyrightStatement":"Copyright &copy; The RxAndroid authors. All rights reserved.","license":"apache2","licenseUrl":"http://www.apache.org/licenses/LICENSE-2.0.txt","normalizedLicense":"apache2","year":null,"url":"https://github.com/ReactiveX/RxAndroid","libraryName":"RxAndroid","artifactId":{"name":"rxandroid","group":"io.reactivex","version":"1.1.0"}},{"notice":null,"copyrightHolder":"Square, Inc.","copyrightStatement":"Copyright &copy; Square, Inc. All rights reserved.","license":"apache2","licenseUrl":"","normalizedLicense":"apache2","year":null,"url":"","libraryName":"Picasso","artifactId":{"name":"picasso","group":"com.squareup.picasso","version":"2.5.2"}},{"notice":null,"copyrightHolder":"N/A","copyrightStatement":"Copyright &copy; N/A. All rights reserved.","license":"CC0","licenseUrl":"http://creativecommons.org/publicdomain/zero/1.0/","normalizedLicense":"cc0","year":null,"url":"http://www.reactive-streams.org/","libraryName":"reactive-streams","artifactId":{"name":"reactive-streams","group":"org.reactivestreams","version":"1.0.1-RC2"}},{"notice":null,"copyrightHolder":"OpenCV team","copyrightStatement":"Copyright &copy; OpenCV team. All rights reserved.","license":"bsd_3_clauses","licenseUrl":"","normalizedLicense":"bsd_3_clauses","year":null,"url":"https://opencv.org/","libraryName":"OpenCV","artifactId":{"name":"","group":"","version":""}},{"notice":null,"copyrightHolder":"Square, Inc.","copyrightStatement":"Copyright &copy; Square, Inc. All rights reserved.","license":"apache2","licenseUrl":"","normalizedLicense":"apache2","year":null,"url":"","libraryName":"Okio","artifactId":{"name":"okio","group":"com.squareup.okio","version":"1.9.0"}},{"notice":null,"copyrightHolder":"Square, Inc.","copyrightStatement":"Copyright &copy; Square, Inc. All rights reserved.","license":"apache2","licenseUrl":"","normalizedLicense":"apache2","year":null,"url":"","libraryName":"Retrofit","artifactId":{"name":"retrofit","group":"com.squareup.retrofit2","version":"2.1.0"}},{"notice":null,"copyrightHolder":"Square, Inc.","copyrightStatement":"Copyright &copy; Square, Inc. All rights reserved.","license":"apache2","licenseUrl":"","normalizedLicense":"apache2","year":null,"url":"","libraryName":"OkHttp","artifactId":{"name":"okhttp","group":"com.squareup.okhttp3","version":"3.4.2"}},{"notice":null,"copyrightHolder":"Square, Inc.","copyrightStatement":"Copyright &copy; Square, Inc. All rights reserved.","license":"apache2","licenseUrl":"","normalizedLicense":"apache2","year":null,"url":"","libraryName":"Converter: Gson","artifactId":{"name":"converter-gson","group":"com.squareup.retrofit2","version":"2.1.0"}},{"notice":null,"copyrightHolder":"Twitter, Inc.","copyrightStatement":"Copyright &copy; Twitter, Inc. All rights reserved.","license":"The Apache Software License, Version 2.0","licenseUrl":"http://www.apache.org/licenses/LICENSE-2.0.txt","normalizedLicense":"apache2","year":null,"url":"https://github.com/twitter/twitter-text","libraryName":"twitter-text","artifactId":{"name":"twitter-text","group":"com.twitter","version":"1.14.3"}},{"notice":null,"copyrightHolder":"Twitter, Inc.","copyrightStatement":"Copyright &copy; Twitter, Inc. All rights reserved.","license":"bsd_3_clauses","licenseUrl":"https://dev.twitter.com/overview/terms/twitterkit.html","normalizedLicense":"bsd_3_clauses","year":null,"url":"","libraryName":"Tweet Ui Android SDK","artifactId":{"name":"tweet-ui","group":"com.twitter.sdk.android","version":"3.1.1"}},{"notice":null,"copyrightHolder":"JetBrains","copyrightStatement":"Copyright &copy; JetBrains. All rights reserved.","license":"The Apache License, Version 2.0","licenseUrl":"http://www.apache.org/licenses/LICENSE-2.0.txt","normalizedLicense":"apache2","year":null,"url":"https://kotlinlang.org/","libraryName":"org.jetbrains.kotlin:kotlin-stdlib","artifactId":{"name":"kotlin-stdlib","group":"org.jetbrains.kotlin","version":"1.2.41"}},{"notice":null,"copyrightHolder":"JetBrains","copyrightStatement":"Copyright &copy; JetBrains. All rights reserved.","license":"The Apache Software License, Version 2.0","licenseUrl":"http://www.apache.org/licenses/LICENSE-2.0.txt","normalizedLicense":"apache2","year":null,"url":"http://www.jetbrains.org","libraryName":"IntelliJ IDEA Annotations","artifactId":{"name":"annotations","group":"org.jetbrains","version":"13.0"}},{"notice":null,"copyrightHolder":"JetBrains","copyrightStatement":"Copyright &copy; JetBrains. All rights reserved.","license":"The Apache License, Version 2.0","licenseUrl":"http://www.apache.org/licenses/LICENSE-2.0.txt","normalizedLicense":"apache2","year":null,"url":"https://kotlinlang.org/","libraryName":"org.jetbrains.kotlin:kotlin-android-extensions-runtime","artifactId":{"name":"kotlin-android-extensions-runtime","group":"org.jetbrains.kotlin","version":"1.2.41"}},{"notice":null,"copyrightHolder":"MoPub (a division of Twitter, Inc.)","copyrightStatement":"Copyright &copy; MoPub (a division of Twitter, Inc.). All rights reserved.","license":"The Apache Software License, Version 2.0","licenseUrl":"http://www.apache.org/licenses/LICENSE-2.0.txt","normalizedLicense":"apache2","year":null,"url":"https://github.com/mopub/mopub-volley","libraryName":"MoPub Volley","artifactId":{"name":"mopub-volley","group":"com.mopub.volley","version":"2.0.0"}},{"notice":null,"copyrightHolder":"MoPub (a division of Twitter, Inc.)","copyrightStatement":"Copyright &copy; MoPub (a division of Twitter, Inc.). All rights reserved.","license":"MoPub SDK License","licenseUrl":"http://www.mopub.com/legal/sdk-license-agreement/","normalizedLicense":"mopub_sdk_license","year":null,"url":"https://github.com/mopub/mopub-android-sdk","libraryName":"AVID SDK (MoPub Android namespace)","artifactId":{"name":"libAvid-mopub","group":"com.mopub","version":"3.6.4"}},{"notice":null,"copyrightHolder":"MoPub (a division of Twitter, Inc.)","copyrightStatement":"Copyright &copy; MoPub (a division of Twitter, Inc.). All rights reserved.","license":"MoPub SDK License","licenseUrl":"http://www.mopub.com/legal/sdk-license-agreement/","normalizedLicense":"mopub_sdk_license","year":null,"url":"https://github.com/mopub/mopub-android-sdk","libraryName":"mopub-sdk-base","artifactId":{"name":"mopub-sdk-base","group":"com.mopub","version":"5.3.0"}}]}